business_name,decision,risk_score,interest_rate
"Walvis Farming",Reject,23.78,
"Windhoek Construction",Reject,20.89,
"Windhoek Fishing",Reject,9.11,
"Luderitz Retail",Approve,46.83,0.12
"Caprivi Manufacturing",Review,27.58,0.18
"Oshana Technologies",Review,30.33,0.18
"Okavango Logistics",Reject,19.68,
"Okavango Food Services",Reject,20.22,
"Walvis Tours",Reject,-5.9,
"Gobabis Trading",Reject,8.74,
"Caprivi Logistics",Review,28.52,0.18
"Namib Trading",Reject,10.16,
"Kalahari Retail",Reject,-17.41,
"Kunene Trading",Reject,14.97,
"Walvis Construction",Reject,10.19,
"Caprivi Logistics",Reject,-14.86,
"Windhoek Transport",Reject,-3.22,
"Otji Fishing",Reject,-9.42,
"Erongo Transport",Approve,49.25,0.12
"Etosha Logistics",Approve,42.13,0.12
"Erongo Logistics",Reject,-3.35,
"Kunene Transport",Reject,15.44,
"Walvis Transport",Reject,20.37,
"Caprivi Farming",Approve,43.87,0.12
"Luderitz Fishing",Reject,-8.65,
"Oshana Transport",Reject,-5.82,
"Caprivi Manufacturing",Approve,45.36,0.12
"Erongo Supplies",Reject,6.21,
"Otji Transport",Reject,-18.91,
"Namib Fishing",Reject,-38.54,
"Swakop Transport",Reject,-12.25,
"Walvis Fishing",Reject,16.91,
"Erongo Trading",Reject,-3.94,
"Gobabis Fishing",Reject,21.87,
"Walvis Fishing",Reject,-1.68,
"Gobabis Food Services",Approve,46.25,0.12
"Erongo Technologies",Approve,49.36,0.12
"Swakop Food Services",Approve,49.9,0.12
"Kunene Fishing",Reject,-33.2,
"Swakop Food Services",Reject,-25.41,
"Etosha Transport",Review,33.73,0.18
"Kunene Fishing",Reject,-14.88,
"Walvis Supplies",Review,33.69,0.18
"Luderitz Logistics",Reject,13.44,
"Kunene Retail",Reject,-6.67,
"Luderitz Fishing",Reject,-27.51,
"Windhoek Technologies",Reject,6.73,
"Namib Farming",Reject,22.59,
"Gobabis Retail",Reject,-22.79,
"Okavango Technologies",Reject,-12.72,
"Kalahari Logistics",Reject,-13.97,
"Erongo Manufacturing",Reject,-7.15,
"Windhoek Logistics",Review,33.3,0.18
"Kunene Farming",Reject,0.0,
"Oshana Construction",Review,31.74,0.18
"Namib Construction",Reject,-8.27,
"Kalahari Food Services",Reject,12.83,
"Caprivi Trading",Reject,18.53,
"Swakop Food Services",Reject,12.64,
"Okavango Farming",Reject,-17.39,
"Erongo Supplies",Approve,42.92,0.12
"Otji Transport",Approve,42.19,0.12
"Okavango Manufacturing",Approve,47.45,0.12
"Windhoek Food Services",Reject,-32.78,
"Okavango Transport",Reject,-27.58,
"Luderitz Construction",Reject,-26.76,
"Okavango Retail",Reject,-5.54,
"Gobabis Supplies",Reject,-6.94,
"Erongo Farming",Reject,12.97,
"Caprivi Farming",Approve,41.91,0.12
"Walvis Trading",Reject,-34.05,
"Windhoek Fishing",Reject,18.05,
"Etosha Transport",Reject,-2.84,
"Kalahari Construction",Reject,-5.29,
"Otji Manufacturing",Reject,21.16,
"Kunene Tours",Reject,-1.36,
"Okavango Fishing",Review,27.77,0.18
"Namib Transport",Reject,-20.95,
"Oshana Construction",Reject,11.9,
"Oshana Logistics",Review,28.23,0.18
"Etosha Fishing",Reject,3.91,
"Erongo Supplies",Review,29.24,0.18
"Kalahari Tours",Reject,3.99,
"Caprivi Transport",Reject,5.67,
"Namib Farming",Approve,42.28,0.12
"Okavango Technologies",Reject,19.22,
"Namib Transport",Review,26.22,0.18
"Erongo Technologies",Review,39.43,0.18
"Etosha Manufacturing",Reject,11.31,
"Swakop Supplies",Review,33.23,0.18
"Luderitz Construction",Review,32.2,0.18
"Oshana Manufacturing",Review,37.84,0.18
"Caprivi Retail",Reject,18.6,
"Caprivi Tours",Reject,9.24,
"Luderitz Logistics",Reject,15.12,
"Walvis Construction",Review,28.03,0.18
"Etosha Manufacturing",Reject,-6.72,
"Gobabis Trading",Reject,-5.98,
"Kalahari Manufacturing",Reject,-30.97,
"Oshana Supplies",Reject,7.52,
"Gobabis Supplies",Reject,-4.12,
"Windhoek Technologies",Approve,44.19,0.12
"Etosha Transport",Review,33.71,0.18
"Oshana Retail",Reject,23.2,
"Oshana Construction",Reject,5.68,
"Oshana Fishing",Reject,-22.31,
"Kunene Supplies",Review,31.93,0.18
"Kalahari Logistics",Approve,43.49,0.12
"Erongo Logistics",Reject,7.15,
"Okavango Transport",Reject,1.37,
"Otji Technologies",Approve,53.36,0.08
"Otji Tours",Approve,50.43,0.08
"Katima Manufacturing",Reject,14.08,
"Walvis Trading",Reject,-28.13,
"Oshana Fishing",Reject,16.21,
"Katima Farming",Reject,-2.91,
"Kalahari Farming",Approve,47.45,0.12
"Katima Farming",Reject,13.08,
"Erongo Technologies",Reject,1.76,
"Luderitz Technologies",Reject,-0.44,
"Erongo Technologies",Reject,-33.58,
"Luderitz Farming",Review,28.66,0.18
"Windhoek Construction",Reject,0.52,
"Luderitz Transport",Reject,-36.61,
"Katima Farming",Review,31.23,0.18
"Windhoek Retail",Reject,23.13,
"Gobabis Retail",Reject,-37.91,
"Erongo Tours",Reject,-22.79,
"Kalahari Fishing",Approve,49.03,0.12
"Caprivi Farming",Reject,5.06,
"Kalahari Construction",Reject,-22.48,
"Okavango Fishing",Review,36.07,0.18
"Okavango Fishing",Reject,8.41,
"Swakop Trading",Review,39.0,0.18
"Oshana Technologies",Reject,-9.83,
"Caprivi Construction",Reject,24.21,
"Oshana Technologies",Approve,42.47,0.12
"Luderitz Logistics",Reject,-24.96,
"Swakop Retail",Reject,17.2,
"Swakop Trading",Reject,-11.2,
"Swakop Technologies",Approve,48.69,0.12
"Okavango Retail",Review,26.31,0.18
"Caprivi Transport",Reject,-4.18,
"Caprivi Tours",Review,30.5,0.18
"Gobabis Transport",Reject,2.92,
"Oshana Tours",Approve,44.64,0.12
"Otji Fishing",Approve,49.89,0.12
"Swakop Retail",Reject,18.32,
"Erongo Trading",Review,26.22,0.18
"Walvis Food Services",Approve,40.36,0.12
"Otji Food Services",Reject,19.37,
"Swakop Manufacturing",Reject,-14.95,
"Etosha Supplies",Reject,-26.92,
"Oshana Supplies",Approve,46.02,0.12
"Namib Manufacturing",Reject,14.79,
"Otji Retail",Reject,2.97,
"Swakop Trading",Reject,-74.28,
"Namib Technologies",Reject,17.32,
"Etosha Food Services",Approve,45.37,0.12
"Namib Food Services",Reject,13.34,
"Windhoek Construction",Reject,-0.71,
"Gobabis Supplies",Reject,-15.01,
"Gobabis Tours",Reject,-10.96,
"Kalahari Supplies",Reject,-20.33,
"Gobabis Construction",Reject,-7.59,
"Etosha Tours",Reject,0.29,
"Windhoek Construction",Reject,6.21,
"Etosha Retail",Review,36.7,0.18
"Katima Manufacturing",Reject,2.11,
"Caprivi Farming",Reject,-25.24,
"Etosha Trading",Reject,-16.71,
"Windhoek Fishing",Review,30.81,0.18
"Gobabis Manufacturing",Review,32.62,0.18
"Oshana Transport",Reject,17.52,
"Erongo Trading",Reject,18.81,
"Otji Transport",Reject,-47.94,
"Walvis Supplies",Reject,-19.5,
"Windhoek Retail",Reject,-22.85,
"Okavango Retail",Reject,19.09,
"Kalahari Logistics",Reject,9.76,
"Katima Technologies",Reject,8.68,
"Etosha Logistics",Reject,20.52,
"Caprivi Retail",Review,35.76,0.18
"Etosha Farming",Reject,-89.78,
"Otji Construction",Reject,7.84,
"Kalahari Transport",Reject,-25.07,
"Oshana Retail",Approve,43.39,0.12
"Swakop Construction",Reject,-5.47,
"Walvis Logistics",Reject,11.09,
"Okavango Trading",Review,28.49,0.18
"Windhoek Retail",Review,37.09,0.18
"Kalahari Retail",Reject,24.18,
"Gobabis Manufacturing",Reject,17.47,
"Etosha Farming",Reject,13.96,
"Caprivi Technologies",Reject,16.71,
"Oshana Manufacturing",Reject,-10.77,
"Swakop Fishing",Reject,-8.66,
"Caprivi Tours",Review,27.14,0.18
"Walvis Tours",Reject,-11.04,
"Windhoek Farming",Reject,20.08,
"Erongo Supplies",Reject,-46.17,
"Oshana Logistics",Reject,4.29,
"Windhoek Trading",Reject,18.11,
"Otji Logistics",Review,27.32,0.18
"Etosha Supplies",Reject,6.38,
"Etosha Farming",Reject,-26.56,
"Luderitz Logistics",Review,27.81,0.18
"Kunene Construction",Reject,-12.25,
"Kunene Technologies",Reject,-3.92,
"Kalahari Fishing",Reject,17.71,
"Katima Farming",Review,33.65,0.18
"Katima Manufacturing",Reject,8.99,
"Oshana Logistics",Reject,23.14,
"Gobabis Food Services",Review,25.68,0.18
"Windhoek Construction",Reject,0.19,
"Gobabis Supplies",Reject,11.93,
"Kunene Fishing",Review,29.66,0.18
"Kalahari Transport",Review,26.54,0.18
"Etosha Fishing",Review,29.71,0.18
"Oshana Construction",Review,39.83,0.18
"Oshana Fishing",Reject,3.1,
"Etosha Logistics",Reject,11.38,
"Katima Supplies",Review,29.14,0.18
"Okavango Manufacturing",Reject,8.56,
"Caprivi Technologies",Reject,-12.68,
"Etosha Retail",Reject,-0.07,
"Gobabis Logistics",Reject,9.82,
"Okavango Supplies",Review,26.76,0.18
"Caprivi Technologies",Review,32.65,0.18
"Caprivi Fishing",Reject,12.28,
"Kalahari Trading",Reject,13.06,
"Swakop Construction",Reject,-12.21,
"Erongo Trading",Reject,-18.27,
"Namib Manufacturing",Reject,-12.93,
"Namib Construction",Reject,-4.01,
"Walvis Tours",Review,30.51,0.18
"Swakop Trading",Reject,-2.51,
"Namib Technologies",Reject,-0.92,
"Namib Tours",Reject,6.68,
"Windhoek Farming",Approve,54.05,0.08
"Oshana Logistics",Review,28.95,0.18
"Kalahari Farming",Reject,10.65,
"Swakop Logistics",Reject,-15.88,
"Gobabis Farming",Reject,-13.96,
"Gobabis Fishing",Review,25.4,0.18
"Etosha Farming",Reject,6.11,
"Oshana Technologies",Review,29.05,0.18
"Namib Construction",Reject,-13.29,
"Gobabis Transport",Reject,-8.02,
"Erongo Farming",Reject,1.31,
"Etosha Supplies",Reject,22.99,
"Kalahari Manufacturing",Approve,40.58,0.12
"Namib Logistics",Reject,12.0,
"Windhoek Trading",Reject,-78.16,
"Oshana Supplies",Approve,47.3,0.12
"Erongo Manufacturing",Review,36.82,0.18
"Namib Supplies",Reject,-9.89,
"Kalahari Fishing",Reject,-13.69,
"Kunene Tours",Reject,-29.6,
"Okavango Tours",Reject,-31.35,
"Luderitz Retail",Reject,14.68,
"Walvis Logistics",Reject,5.35,
"Namib Supplies",Reject,-1.13,
"Luderitz Technologies",Review,26.13,0.18
"Etosha Retail",Reject,-10.18,
"Luderitz Supplies",Reject,19.0,
"Erongo Construction",Review,31.08,0.18
"Oshana Technologies",Reject,23.58,
"Walvis Retail",Reject,11.32,
"Kunene Food Services",Review,27.78,0.18
"Walvis Retail",Review,35.48,0.18
"Kunene Transport",Reject,15.29,
"Gobabis Construction",Reject,0.52,
"Kalahari Food Services",Review,37.33,0.18
"Namib Farming",Review,35.91,0.18
"Gobabis Transport",Reject,0.79,
"Caprivi Food Services",Reject,19.27,
"Erongo Manufacturing",Reject,-11.53,
"Windhoek Construction",Reject,21.08,
"Katima Tours",Reject,-18.27,
"Otji Construction",Reject,-54.06,
"Etosha Fishing",Review,31.86,0.18
"Otji Logistics",Reject,-11.27,
"Katima Transport",Review,33.9,0.18
"Kalahari Logistics",Reject,1.12,
"Caprivi Farming",Reject,-81.53,
"Kalahari Transport",Review,39.24,0.18
"Erongo Technologies",Reject,23.82,
"Okavango Technologies",Approve,40.96,0.12
"Windhoek Fishing",Review,37.58,0.18
"Gobabis Technologies",Approve,41.08,0.12
"Caprivi Construction",Reject,10.01,
"Namib Transport",Reject,5.44,
"Kalahari Technologies",Approve,42.49,0.12
"Kunene Farming",Reject,24.54,
"Namib Food Services",Reject,17.57,
"Oshana Technologies",Reject,-56.88,
"Etosha Manufacturing",Reject,-21.63,
"Okavango Manufacturing",Reject,-9.51,
"Walvis Supplies",Reject,-9.39,
"Otji Manufacturing",Reject,14.88,
"Katima Technologies",Reject,-6.99,
"Caprivi Construction",Reject,-14.28,
"Kunene Technologies",Reject,23.41,
"Oshana Food Services",Reject,-15.43,
"Okavango Construction",Reject,3.47,
"Swakop Transport",Approve,52.59,0.08
"Swakop Fishing",Reject,-43.02,
"Otji Technologies",Reject,-0.82,
"Windhoek Transport",Reject,15.95,
"Kunene Trading",Reject,11.97,
"Walvis Tours",Reject,-24.32,
"Swakop Tours",Review,36.96,0.18
"Kalahari Logistics",Approve,55.39,0.08
"Otji Trading",Reject,-8.8,
"Oshana Supplies",Reject,15.69,
"Luderitz Trading",Approve,41.46,0.12
"Swakop Construction",Reject,-26.85,
"Katima Supplies",Reject,-12.07,
"Katima Manufacturing",Reject,24.42,
"Windhoek Food Services",Reject,-1.63,
"Windhoek Retail",Reject,-5.72,
"Swakop Trading",Reject,3.11,
"Oshana Fishing",Reject,-9.63,
"Otji Food Services",Reject,15.18,
"Namib Technologies",Approve,51.85,0.08
"Otji Construction",Reject,-34.48,
"Windhoek Trading",Reject,-0.08,
"Swakop Farming",Reject,21.29,
"Walvis Farming",Reject,19.17,
"Erongo Technologies",Review,38.61,0.18
"Gobabis Food Services",Reject,-14.88,
"Namib Farming",Reject,-16.31,
"Kalahari Retail",Review,34.78,0.18
"Kunene Retail",Reject,23.38,
"Erongo Technologies",Reject,-14.41,
"Kalahari Food Services",Reject,15.46,
"Caprivi Tours",Reject,19.9,
"Kalahari Farming",Review,32.39,0.18
"Caprivi Food Services",Reject,-100.94,
"Caprivi Manufacturing",Reject,15.72,
"Windhoek Farming",Reject,-11.53,
"Kalahari Food Services",Reject,-48.76,
"Kalahari Construction",Review,33.61,0.18
"Swakop Technologies",Reject,15.07,
"Katima Technologies",Reject,12.08,
"Oshana Farming",Reject,18.28,
"Otji Farming",Reject,-29.89,
"Walvis Supplies",Reject,-6.45,
"Windhoek Manufacturing",Reject,6.17,
"Luderitz Farming",Reject,20.81,
"Walvis Transport",Reject,-26.1,
"Windhoek Fishing",Reject,-33.42,
"Kalahari Trading",Reject,-9.49,
"Namib Trading",Reject,-11.55,
"Kalahari Tours",Approve,45.15,0.12
"Etosha Food Services",Review,27.39,0.18
"Luderitz Tours",Reject,3.06,
"Caprivi Technologies",Reject,2.21,
"Kalahari Manufacturing",Reject,4.77,
"Erongo Retail",Review,30.01,0.18
"Katima Tours",Reject,6.92,
"Oshana Trading",Review,35.67,0.18
"Gobabis Technologies",Reject,-31.45,
"Namib Construction",Approve,55.06,0.08
"Oshana Retail",Reject,-53.52,
"Gobabis Manufacturing",Review,34.97,0.18
"Katima Food Services",Reject,10.48,
"Gobabis Farming",Reject,2.47,
"Caprivi Supplies",Reject,-13.57,
"Okavango Manufacturing",Reject,8.09,
"Caprivi Retail",Reject,17.35,
"Kalahari Logistics",Reject,-0.55,
"Otji Retail",Review,35.5,0.18
"Caprivi Logistics",Reject,-11.6,
"Etosha Fishing",Reject,7.88,
"Gobabis Technologies",Reject,12.12,
"Okavango Trading",Approve,41.91,0.12
"Erongo Retail",Reject,-10.23,
"Caprivi Technologies",Reject,-29.55,
"Caprivi Transport",Approve,43.76,0.12
"Okavango Construction",Reject,-7.96,
"Okavango Construction",Reject,8.93,
"Okavango Food Services",Reject,-15.37,
"Kunene Manufacturing",Reject,-7.74,
"Katima Supplies",Reject,-2.45,
"Kunene Farming",Reject,12.67,
"Oshana Construction",Reject,19.41,
"Caprivi Retail",Reject,-21.24,
"Erongo Fishing",Review,38.0,0.18
"Oshana Construction",Reject,18.21,
"Luderitz Tours",Review,26.76,0.18
"Otji Logistics",Reject,24.57,
"Katima Technologies",Reject,10.29,
"Kalahari Fishing",Review,25.66,0.18
"Kunene Technologies",Reject,-8.4,
"Otji Manufacturing",Reject,-4.19,
"Swakop Construction",Reject,-12.95,
"Luderitz Trading",Reject,17.82,
"Katima Supplies",Reject,-25.91,
"Katima Manufacturing",Reject,21.51,
"Kalahari Logistics",Reject,17.22,
"Etosha Trading",Reject,-17.33,
"Namib Manufacturing",Reject,14.14,
"Windhoek Supplies",Reject,-10.46,
"Katima Food Services",Reject,-0.51,
"Oshana Logistics",Reject,-42.81,
"Caprivi Trading",Reject,-10.65,
"Katima Supplies",Reject,-7.62,
"Erongo Logistics",Reject,-29.16,
"Windhoek Retail",Reject,-3.4,
"Luderitz Transport",Approve,57.07,0.08
"Windhoek Fishing",Reject,-17.52,
"Caprivi Manufacturing",Reject,9.89,
"Caprivi Trading",Reject,-24.39,
"Kunene Construction",Reject,8.85,
"Okavango Fishing",Reject,-29.81,
"Namib Transport",Review,36.33,0.18
"Namib Transport",Approve,41.78,0.12
"Katima Food Services",Reject,11.43,
"Windhoek Trading",Reject,3.01,
"Otji Construction",Review,35.61,0.18
"Katima Supplies",Review,31.66,0.18
"Swakop Farming",Reject,-12.55,
"Caprivi Logistics",Reject,15.8,
"Walvis Construction",Reject,23.87,
"Caprivi Transport",Reject,-12.98,
"Erongo Retail",Reject,24.28,
"Otji Trading",Reject,-2.42,
"Kunene Manufacturing",Reject,15.82,
"Kunene Food Services",Review,32.53,0.18
"Otji Manufacturing",Review,27.89,0.18
"Windhoek Trading",Reject,-18.32,
"Katima Construction",Reject,-14.83,
"Kunene Retail",Reject,15.27,
"Swakop Farming",Reject,22.16,
"Kunene Farming",Reject,-11.38,
"Walvis Farming",Reject,-12.41,
"Otji Food Services",Reject,-17.92,
"Kalahari Tours",Review,38.98,0.18
"Okavango Transport",Reject,1.41,
"Otji Technologies",Review,34.71,0.18
"Windhoek Tours",Reject,13.79,
"Etosha Technologies",Reject,-20.83,
"Kunene Tours",Reject,-18.78,
"Luderitz Technologies",Reject,2.67,
"Luderitz Fishing",Approve,46.36,0.12
"Okavango Technologies",Approve,45.6,0.12
"Oshana Technologies",Reject,-13.44,
"Okavango Transport",Review,28.03,0.18
"Okavango Logistics",Review,27.91,0.18
"Okavango Manufacturing",Reject,-4.31,
"Oshana Manufacturing",Reject,-1.01,
"Luderitz Fishing",Approve,44.21,0.12
"Kunene Farming",Approve,54.43,0.08
"Erongo Supplies",Reject,-17.54,
"Otji Tours",Reject,-12.3,
"Kalahari Food Services",Reject,3.19,
"Luderitz Tours",Reject,1.51,
"Oshana Construction",Approve,47.69,0.12
"Swakop Construction",Review,32.1,0.18
"Kunene Tours",Reject,-22.47,
"Luderitz Food Services",Reject,9.95,
"Otji Fishing",Reject,19.59,
"Windhoek Manufacturing",Reject,-14.89,
"Windhoek Manufacturing",Reject,-10.63,
"Kunene Logistics",Reject,-36.2,
"Luderitz Retail",Review,36.47,0.18
"Walvis Supplies",Reject,20.88,
"Kalahari Supplies",Reject,10.2,
"Erongo Retail",Reject,13.77,
"Kunene Farming",Reject,-27.18,
"Luderitz Technologies",Reject,-23.89,
"Otji Transport",Reject,11.02,
"Swakop Supplies",Reject,1.03,
"Otji Technologies",Review,38.16,0.18
"Caprivi Tours",Reject,-15.15,
"Gobabis Fishing",Reject,-6.4,
"Swakop Food Services",Reject,-11.86,
"Namib Tours",Reject,-39.91,
"Etosha Manufacturing",Review,27.15,0.18
"Kunene Construction",Approve,41.7,0.12
"Erongo Construction",Reject,16.46,
"Walvis Trading",Reject,10.08,
"Otji Manufacturing",Reject,0.85,
"Walvis Manufacturing",Reject,-18.39,
"Otji Farming",Review,36.83,0.18
"Okavango Food Services",Reject,5.35,
"Luderitz Supplies",Review,27.22,0.18
"Namib Fishing",Reject,19.32,
"Erongo Supplies",Review,35.71,0.18
"Oshana Logistics",Reject,16.88,
"Gobabis Technologies",Reject,22.1,
"Windhoek Manufacturing",Approve,52.37,0.08
"Namib Technologies",Reject,22.24,
"Kalahari Construction",Reject,0.58,
"Katima Logistics",Reject,-7.2,
"Etosha Manufacturing",Reject,-18.72,
"Swakop Food Services",Reject,7.13,
"Okavango Food Services",Reject,-87.4,
"Swakop Technologies",Review,38.93,0.18
"Erongo Fishing",Reject,-10.94,
"Oshana Manufacturing",Review,37.79,0.18
"Luderitz Farming",Reject,18.74,
"Otji Supplies",Reject,-20.06,
"Kunene Food Services",Reject,-21.05,
"Namib Construction",Reject,16.98,
"Erongo Manufacturing",Reject,-18.93,
"Luderitz Retail",Review,31.21,0.18
"Okavango Technologies",Reject,-26.37,
"Kunene Farming",Reject,-29.15,
"Caprivi Construction",Reject,1.6,
"Etosha Food Services",Reject,-51.63,
"Gobabis Trading",Review,39.49,0.18
"Swakop Transport",Reject,0.33,
"Windhoek Transport",Reject,-1.42,
"Katima Supplies",Reject,8.06,
"Kunene Manufacturing",Reject,-12.99,
"Caprivi Transport",Reject,1.73,
"Kalahari Farming",Approve,40.46,0.12
"Kunene Tours",Review,30.68,0.18
"Luderitz Trading",Reject,-26.97,
"Erongo Tours",Reject,1.05,
"Luderitz Transport",Reject,17.76,
"Erongo Farming",Review,28.63,0.18
"Etosha Tours",Review,38.17,0.18
"Swakop Fishing",Reject,13.62,
"Erongo Fishing",Approve,42.52,0.12
"Gobabis Food Services",Reject,-22.11,
"Kunene Food Services",Reject,-5.13,
"Kunene Transport",Review,31.19,0.18
"Etosha Logistics",Reject,21.95,
"Etosha Fishing",Reject,-8.69,
"Windhoek Logistics",Reject,-18.4,
"Caprivi Manufacturing",Reject,-20.76,
"Namib Food Services",Review,39.69,0.18
"Okavango Trading",Reject,-2.34,
"Windhoek Construction",Reject,9.03,
"Luderitz Retail",Approve,40.67,0.12
"Namib Logistics",Approve,40.84,0.12
"Kunene Tours",Reject,-11.21,
"Etosha Fishing",Reject,-10.03,
"Luderitz Construction",Reject,2.03,
"Namib Transport",Reject,-5.24,
"Etosha Tours",Reject,-21.95,
"Erongo Farming",Reject,2.43,
"Erongo Farming",Reject,-4.15,
"Kalahari Food Services",Reject,10.32,
"Katima Tours",Reject,-20.37,
"Katima Supplies",Reject,-21.6,
"Swakop Logistics",Approve,40.97,0.12
"Namib Supplies",Reject,-19.44,
"Okavango Fishing",Reject,4.08,
"Etosha Logistics",Review,29.54,0.18
"Windhoek Food Services",Review,34.85,0.18
"Namib Farming",Reject,-9.9,
"Luderitz Manufacturing",Reject,6.39,
"Erongo Manufacturing",Review,36.46,0.18
"Oshana Food Services",Review,34.59,0.18
"Luderitz Tours",Review,38.88,0.18
"Kunene Fishing",Reject,6.51,
"Etosha Farming",Review,33.66,0.18
"Namib Transport",Reject,-5.17,
"Otji Supplies",Reject,3.28,
"Oshana Trading",Reject,12.94,
"Oshana Manufacturing",Reject,9.31,
"Katima Construction",Reject,-10.14,
"Kunene Food Services",Review,31.27,0.18
"Caprivi Manufacturing",Review,29.51,0.18
"Etosha Food Services",Review,29.97,0.18
"Katima Technologies",Reject,-6.49,
"Katima Construction",Reject,-8.48,
"Kunene Tours",Reject,5.15,
"Otji Construction",Reject,-4.39,
"Oshana Logistics",Review,31.33,0.18
"Walvis Retail",Review,32.99,0.18
"Okavango Logistics",Review,34.97,0.18
"Caprivi Food Services",Reject,-29.28,
"Oshana Technologies",Reject,17.11,
"Okavango Transport",Reject,22.34,
"Namib Logistics",Reject,22.83,
"Otji Logistics",Review,32.17,0.18
"Kunene Retail",Reject,-9.74,
"Namib Supplies",Reject,7.72,
"Otji Transport",Reject,-37.96,
"Erongo Trading",Reject,-29.0,
"Luderitz Tours",Review,35.54,0.18
"Caprivi Construction",Review,39.32,0.18
"Caprivi Fishing",Review,32.86,0.18
"Erongo Transport",Reject,11.28,
"Gobabis Construction",Reject,-21.51,
"Erongo Retail",Reject,-14.41,
"Etosha Food Services",Reject,-46.07,
"Okavango Construction",Reject,14.04,
"Etosha Retail",Review,26.0,0.18
"Luderitz Technologies",Reject,4.21,
"Walvis Construction",Reject,23.14,
"Luderitz Retail",Review,27.84,0.18
"Kunene Transport",Reject,-27.37,
"Katima Trading",Reject,-13.74,
"Luderitz Tours",Review,38.51,0.18
"Otji Tours",Approve,44.36,0.12
"Oshana Fishing",Reject,5.87,
"Windhoek Retail",Reject,6.65,
"Etosha Logistics",Reject,-14.1,
"Otji Supplies",Reject,24.99,
"Luderitz Transport",Approve,45.74,0.12
"Caprivi Technologies",Reject,-8.36,
"Windhoek Farming",Reject,15.13,
"Namib Tours",Approve,47.78,0.12
"Otji Farming",Reject,11.24,
"Otji Trading",Reject,22.11,
"Oshana Farming",Reject,-7.45,
"Oshana Food Services",Review,32.46,0.18
"Kunene Tours",Reject,-4.06,
"Kalahari Logistics",Approve,57.76,0.08
"Etosha Transport",Review,35.65,0.18
"Erongo Manufacturing",Reject,-41.69,
"Etosha Trading",Reject,-33.19,
"Kalahari Technologies",Reject,3.26,
"Caprivi Retail",Reject,-0.56,
"Gobabis Farming",Review,26.37,0.18
"Kalahari Retail",Reject,-101.85,
"Kunene Logistics",Reject,-19.15,
"Luderitz Manufacturing",Review,32.81,0.18
"Otji Supplies",Approve,50.48,0.08
"Walvis Fishing",Reject,1.49,
"Windhoek Construction",Review,34.84,0.18
"Windhoek Farming",Approve,47.82,0.12
"Okavango Trading",Reject,-26.16,
"Kalahari Logistics",Approve,46.44,0.12
"Kunene Construction",Reject,-14.59,
"Kunene Retail",Reject,-22.05,
"Gobabis Tours",Review,32.45,0.18
"Otji Logistics",Reject,7.38,
"Erongo Fishing",Reject,-79.32,
"Kunene Construction",Reject,-5.04,
"Oshana Trading",Approve,53.65,0.08
"Etosha Farming",Reject,-6.51,
"Windhoek Construction",Review,31.18,0.18
"Caprivi Transport",Reject,-31.65,
"Kunene Fishing",Reject,-20.69,
"Kunene Manufacturing",Reject,-40.48,
"Swakop Trading",Reject,11.21,
"Caprivi Tours",Review,33.9,0.18
"Katima Transport",Reject,-32.0,
"Gobabis Technologies",Reject,-49.1,
"Kunene Trading",Reject,-0.92,
"Otji Technologies",Reject,-6.92,
"Gobabis Trading",Reject,24.68,
"Erongo Construction",Review,26.01,0.18
"Erongo Technologies",Reject,-50.03,
"Windhoek Fishing",Reject,-24.7,
"Oshana Technologies",Reject,18.37,
"Okavango Construction",Reject,4.91,
"Gobabis Manufacturing",Reject,-11.52,
"Oshana Transport",Reject,-11.52,
"Etosha Fishing",Reject,5.56,
"Gobabis Manufacturing",Reject,-9.24,
"Gobabis Tours",Reject,-19.76,
"Oshana Manufacturing",Reject,-19.74,
"Kalahari Fishing",Reject,4.98,
"Luderitz Retail",Reject,17.26,
"Oshana Food Services",Reject,21.6,
"Namib Food Services",Reject,19.55,
"Okavango Transport",Reject,-2.68,
"Luderitz Fishing",Reject,-12.56,
"Gobabis Fishing",Approve,43.19,0.12
"Etosha Transport",Reject,-14.49,
"Etosha Construction",Review,34.94,0.18
"Luderitz Tours",Review,38.08,0.18
"Luderitz Manufacturing",Approve,46.0,0.12
"Kunene Manufacturing",Reject,-5.16,
"Otji Farming",Reject,-45.71,
"Windhoek Logistics",Reject,24.17,
"Namib Transport",Reject,-30.68,
"Caprivi Tours",Approve,52.89,0.08
"Namib Construction",Reject,10.1,
"Gobabis Technologies",Reject,-7.74,
"Namib Logistics",Reject,14.21,
"Windhoek Retail",Reject,-37.17,
"Gobabis Trading",Reject,-13.85,
"Luderitz Food Services",Reject,-18.66,
"Kunene Trading",Reject,10.6,
"Gobabis Construction",Reject,18.32,
"Okavango Fishing",Review,37.71,0.18
"Oshana Supplies",Reject,13.57,
"Namib Transport",Reject,-17.94,
"Gobabis Retail",Reject,4.77,
"Luderitz Fishing",Reject,-23.18,
"Caprivi Trading",Review,39.51,0.18
"Luderitz Trading",Reject,-8.05,
"Caprivi Farming",Review,26.72,0.18
"Katima Transport",Reject,14.79,
"Otji Logistics",Review,26.64,0.18
"Otji Construction",Reject,-7.98,
"Kunene Tours",Reject,21.58,
"Kunene Manufacturing",Review,29.4,0.18
"Etosha Fishing",Reject,22.71,
"Etosha Technologies",Reject,23.76,
"Windhoek Trading",Reject,-31.34,
"Erongo Fishing",Reject,6.28,
"Kunene Logistics",Reject,-3.37,
"Okavango Food Services",Reject,3.45,
"Kunene Transport",Approve,47.24,0.12
"Erongo Tours",Review,34.31,0.18
"Caprivi Fishing",Review,30.27,0.18
"Otji Manufacturing",Reject,8.97,
"Otji Farming",Approve,48.18,0.12
"Okavango Supplies",Reject,14.31,
"Namib Fishing",Reject,20.06,
"Erongo Food Services",Reject,-5.12,
"Walvis Supplies",Reject,5.55,
"Windhoek Trading",Reject,-23.84,
"Etosha Technologies",Reject,23.2,
"Erongo Transport",Reject,13.94,
"Swakop Fishing",Review,26.2,0.18
"Gobabis Farming",Reject,19.37,
"Namib Trading",Review,31.81,0.18
"Okavango Retail",Reject,-57.96,
"Gobabis Supplies",Reject,-6.34,
"Otji Construction",Review,38.42,0.18
"Katima Tours",Reject,-3.07,
"Walvis Technologies",Review,37.29,0.18
"Okavango Supplies",Reject,-8.15,
"Walvis Trading",Reject,-8.74,
"Kalahari Transport",Reject,6.4,
"Namib Construction",Reject,18.62,
"Walvis Farming",Reject,4.27,
"Etosha Tours",Reject,-4.55,
"Otji Technologies",Review,36.64,0.18
"Oshana Supplies",Reject,7.49,
"Oshana Technologies",Reject,-21.0,
"Caprivi Supplies",Reject,23.63,
"Luderitz Supplies",Reject,-17.55,
"Namib Construction",Reject,-13.07,
"Otji Food Services",Reject,3.43,
"Walvis Tours",Reject,18.4,
"Gobabis Farming",Reject,19.97,
"Kunene Technologies",Reject,-10.01,
"Erongo Construction",Review,26.58,0.18
"Otji Food Services",Reject,-12.36,
"Kunene Retail",Review,32.64,0.18
"Kalahari Retail",Reject,20.74,
"Kalahari Food Services",Reject,-5.13,
"Katima Construction",Review,27.99,0.18
"Otji Manufacturing",Reject,-2.23,
"Okavango Retail",Reject,-19.1,
"Walvis Tours",Reject,-2.82,
"Kunene Farming",Reject,-18.59,
"Okavango Technologies",Review,35.96,0.18
"Kalahari Food Services",Reject,-12.33,
"Otji Supplies",Review,35.02,0.18
"Luderitz Construction",Reject,0.6,
"Luderitz Technologies",Reject,11.06,
"Etosha Construction",Reject,-30.81,
"Kunene Construction",Reject,-5.35,
"Walvis Fishing",Reject,-28.02,
"Swakop Transport",Reject,3.83,
"Kunene Farming",Reject,-16.3,
"Etosha Manufacturing",Reject,-0.68,
"Kunene Farming",Reject,-0.25,
"Otji Construction",Review,29.38,0.18
"Kunene Construction",Reject,13.33,
"Kunene Trading",Approve,44.2,0.12
"Okavango Logistics",Reject,2.67,
"Erongo Retail",Reject,3.16,
"Oshana Supplies",Reject,-2.32,
"Katima Manufacturing",Reject,14.92,
"Luderitz Transport",Reject,24.69,
"Kunene Trading",Reject,18.28,
"Namib Logistics",Reject,-12.1,
"Katima Technologies",Reject,-15.99,
"Gobabis Manufacturing",Reject,4.42,
"Etosha Supplies",Reject,-35.9,
"Kalahari Farming",Approve,48.73,0.12
"Etosha Tours",Reject,-108.76,
"Kalahari Logistics",Review,33.26,0.18
"Windhoek Technologies",Reject,13.93,
"Caprivi Manufacturing",Reject,-15.62,
"Walvis Fishing",Review,37.96,0.18
"Etosha Farming",Reject,-1.7,
"Erongo Transport",Review,26.48,0.18
"Walvis Trading",Reject,-5.03,
"Katima Manufacturing",Reject,-4.85,
"Gobabis Tours",Reject,-14.88,
"Swakop Trading",Reject,-13.8,
"Katima Technologies",Reject,-5.8,
"Erongo Food Services",Reject,18.66,
"Kalahari Retail",Reject,-5.33,
"Otji Tours",Approve,45.9,0.12
"Caprivi Fishing",Approve,48.69,0.12
"Oshana Supplies",Reject,0.84,
"Luderitz Construction",Reject,6.77,
"Erongo Manufacturing",Reject,15.52,
"Kalahari Supplies",Reject,-8.87,
"Katima Retail",Review,31.91,0.18
"Caprivi Manufacturing",Approve,40.97,0.12
"Oshana Technologies",Reject,19.92,
"Windhoek Supplies",Reject,-25.72,
"Gobabis Trading",Review,26.27,0.18
"Kunene Manufacturing",Reject,-8.94,
"Namib Technologies",Reject,-18.59,
"Luderitz Trading",Review,36.34,0.18
"Erongo Technologies",Reject,-11.79,
"Windhoek Trading",Review,35.54,0.18
"Swakop Construction",Review,35.68,0.18
"Okavango Food Services",Reject,-30.0,
"Namib Technologies",Reject,5.49,
"Kunene Retail",Reject,-3.96,
"Otji Manufacturing",Reject,8.34,
"Otji Logistics",Reject,-4.51,
"Kunene Construction",Approve,43.94,0.12
"Oshana Logistics",Reject,-1.28,
"Kunene Manufacturing",Review,35.28,0.18
"Swakop Construction",Reject,18.9,
"Katima Manufacturing",Approve,54.02,0.08
"Namib Trading",Review,34.4,0.18
"Luderitz Supplies",Reject,3.83,
"Walvis Manufacturing",Review,27.47,0.18
"Kalahari Farming",Reject,21.44,
"Swakop Transport",Reject,-0.19,
"Windhoek Supplies",Approve,46.22,0.12
"Oshana Retail",Reject,-1.59,
"Luderitz Supplies",Reject,4.08,
"Luderitz Technologies",Review,33.7,0.18
"Oshana Technologies",Reject,-15.4,
"Luderitz Retail",Review,30.94,0.18
"Katima Construction",Review,27.19,0.18
"Kunene Retail",Reject,-1.04,
"Namib Construction",Review,30.37,0.18
"Okavango Farming",Reject,-1.85,
"Kalahari Construction",Reject,-16.6,
"Swakop Manufacturing",Reject,6.17,
"Windhoek Food Services",Reject,17.21,
"Okavango Retail",Review,39.83,0.18
"Luderitz Logistics",Reject,-13.21,
"Luderitz Food Services",Reject,-47.78,
"Otji Food Services",Reject,22.48,
"Oshana Construction",Reject,24.89,
"Walvis Food Services",Review,27.63,0.18
"Walvis Transport",Reject,13.31,
"Windhoek Transport",Reject,-1.46,
"Namib Technologies",Reject,4.64,
"Walvis Tours",Reject,21.02,
"Erongo Trading",Reject,-14.18,
"Caprivi Technologies",Reject,11.24,
"Otji Retail",Review,32.14,0.18
"Erongo Supplies",Reject,14.56,
"Walvis Fishing",Review,32.47,0.18
"Katima Tours",Reject,-10.06,
"Gobabis Construction",Reject,21.44,
"Oshana Fishing",Reject,21.72,
"Luderitz Logistics",Reject,20.95,
"Swakop Farming",Reject,4.52,
"Etosha Farming",Reject,-12.14,
"Erongo Construction",Reject,-6.88,
"Kalahari Farming",Review,32.27,0.18
"Luderitz Manufacturing",Reject,-8.0,
"Otji Trading",Reject,-27.34,
"Caprivi Technologies",Reject,0.95,
"Luderitz Food Services",Reject,2.47,
"Caprivi Tours",Reject,-1.56,
"Etosha Logistics",Reject,-0.39,
"Katima Fishing",Reject,-4.42,
"Kalahari Transport",Reject,6.71,
"Windhoek Technologies",Reject,-2.39,
"Luderitz Construction",Approve,54.8,0.08
"Windhoek Tours",Approve,40.59,0.12
"Erongo Manufacturing",Reject,-28.42,
"Okavango Technologies",Review,30.48,0.18
"Erongo Manufacturing",Reject,-9.27,
"Erongo Retail",Review,32.11,0.18
"Kalahari Construction",Reject,1.41,
"Namib Technologies",Review,38.61,0.18
"Caprivi Supplies",Reject,-50.25,
"Swakop Food Services",Review,30.83,0.18
"Katima Food Services",Reject,3.31,
"Kalahari Food Services",Review,30.34,0.18
"Otji Logistics",Approve,40.45,0.12
"Gobabis Tours",Reject,-14.29,
"Katima Technologies",Reject,-31.98,
"Kalahari Tours",Review,30.37,0.18
"Kunene Technologies",Reject,-22.6,
"Walvis Logistics",Approve,46.95,0.12
"Katima Technologies",Reject,-17.91,
"Otji Technologies",Reject,-28.36,
"Otji Fishing",Approve,51.17,0.08
"Caprivi Construction",Reject,-7.68,
"Erongo Retail",Reject,-2.19,
"Luderitz Tours",Reject,-7.91,
"Erongo Manufacturing",Review,30.82,0.18
"Windhoek Tours",Reject,-41.97,
"Walvis Construction",Reject,15.32,
"Swakop Trading",Reject,8.73,
"Etosha Transport",Reject,9.64,
"Etosha Manufacturing",Reject,8.65,
"Katima Fishing",Review,30.51,0.18
"Kalahari Construction",Reject,-18.47,
"Kunene Technologies",Reject,-19.25,
"Swakop Trading",Reject,-8.22,
"Namib Trading",Reject,-25.71,
"Etosha Retail",Reject,1.82,
"Oshana Supplies",Reject,-4.41,
"Etosha Construction",Approve,44.12,0.12
"Kalahari Fishing",Reject,10.35,
"Oshana Transport",Reject,-14.69,
"Gobabis Manufacturing",Reject,-18.08,
"Swakop Manufacturing",Reject,13.57,
"Katima Construction",Review,28.98,0.18
"Erongo Food Services",Reject,-24.16,
"Luderitz Manufacturing",Reject,-70.85,
"Swakop Tours",Review,30.31,0.18
"Swakop Transport",Reject,3.51,
"Okavango Logistics",Reject,-11.1,
"Swakop Farming",Reject,-17.14,
"Etosha Tours",Reject,-31.1,
"Otji Trading",Reject,-14.22,
"Gobabis Farming",Reject,7.58,
"Walvis Construction",Approve,54.87,0.08
"Oshana Construction",Reject,6.21,
"Otji Farming",Review,38.32,0.18
"Etosha Tours",Approve,51.68,0.08
"Katima Manufacturing",Reject,22.69,
"Katima Retail",Reject,19.05,
"Oshana Logistics",Reject,-17.17,
"Kalahari Retail",Approve,44.85,0.12
"Kunene Logistics",Review,28.18,0.18
"Windhoek Transport",Reject,-17.36,
"Erongo Retail",Review,32.26,0.18
"Caprivi Trading",Review,32.79,0.18
"Katima Fishing",Reject,21.38,
"Otji Transport",Review,34.78,0.18
"Okavango Farming",Approve,45.35,0.12
"Namib Logistics",Reject,-6.87,
"Caprivi Fishing",Reject,-17.56,
"Erongo Trading",Reject,-37.49,
"Caprivi Farming",Reject,14.68,
"Okavango Construction",Reject,-13.59,
"Kunene Farming",Reject,3.47,
"Caprivi Fishing",Approve,42.68,0.12
"Oshana Supplies",Reject,-10.08,
"Caprivi Technologies",Reject,-25.61,
"Katima Tours",Approve,43.65,0.12
"Kalahari Retail",Reject,-0.62,
"Katima Farming",Reject,-16.24,
"Etosha Manufacturing",Reject,1.07,
"Okavango Food Services",Reject,-24.71,
"Katima Tours",Reject,18.81,
"Kunene Fishing",Reject,-17.56,
"Caprivi Technologies",Reject,0.62,
"Luderitz Manufacturing",Reject,1.33,
"Katima Food Services",Reject,-31.72,
"Kalahari Construction",Reject,10.65,
"Kalahari Retail",Reject,0.86,
"Kalahari Tours",Reject,5.21,
"Luderitz Farming",Reject,-33.42,
"Okavango Technologies",Reject,-14.25,
"Windhoek Food Services",Reject,-6.82,
"Namib Construction",Reject,15.91,
"Otji Transport",Reject,-16.17,
"Otji Logistics",Review,33.64,0.18
"Erongo Trading",Reject,-2.2,
"Windhoek Farming",Review,26.88,0.18
"Swakop Logistics",Approve,43.3,0.12
"Oshana Tours",Reject,8.79,
"Kalahari Supplies",Reject,-13.82,
"Erongo Fishing",Reject,-6.25,
"Oshana Retail",Reject,-20.3,
"Walvis Construction",Reject,23.45,
"Erongo Retail",Reject,-24.28,
"Etosha Construction",Reject,23.42,
"Etosha Farming",Reject,23.77,
"Kalahari Trading",Reject,-2.73,
"Windhoek Trading",Reject,-5.57,
"Namib Tours",Reject,-23.13,
"Otji Transport",Reject,20.93,
"Namib Tours",Reject,-28.19,
"Walvis Retail",Reject,-25.68,
"Namib Trading",Reject,5.03,
"Luderitz Construction",Reject,14.84,
"Gobabis Technologies",Review,30.2,0.18
"Kunene Retail",Reject,-0.27,
"Kalahari Construction",Approve,40.75,0.12
"Luderitz Food Services",Review,35.89,0.18
"Otji Logistics",Reject,-14.52,
"Swakop Construction",Reject,24.82,
"Katima Food Services",Reject,-11.62,
"Windhoek Retail",Reject,6.6,
"Oshana Transport",Reject,6.47,
"Oshana Supplies",Reject,1.65,
"Okavango Tours",Approve,53.99,0.08
"Luderitz Supplies",Reject,15.84,
"Okavango Tours",Reject,14.75,
"Kunene Trading",Review,25.13,0.18
"Walvis Food Services",Reject,24.24,
"Kunene Supplies",Reject,-21.17,
"Kalahari Manufacturing",Reject,-5.04,
"Kalahari Manufacturing",Reject,-3.34,
"Otji Supplies",Reject,8.22,
"Okavango Transport",Reject,-6.47,
"Erongo Manufacturing",Reject,17.82,
"Oshana Technologies",Reject,-26.13,
"Swakop Retail",Reject,5.55,
"Etosha Supplies",Reject,1.59,
"Walvis Supplies",Approve,46.89,0.12
"Namib Trading",Reject,20.98,
"Windhoek Food Services",Approve,40.2,0.12
"Otji Retail",Review,28.15,0.18
"Luderitz Construction",Approve,45.85,0.12
"Okavango Manufacturing",Reject,18.44,
"Luderitz Technologies",Reject,-34.25,
"Okavango Transport",Reject,-3.09,
"Swakop Retail",Reject,-35.91,
"Oshana Retail",Reject,-12.59,
"Swakop Construction",Reject,-9.82,
"Gobabis Manufacturing",Reject,17.42,
"Namib Logistics",Review,26.21,0.18
"Caprivi Manufacturing",Reject,-26.86,
"Oshana Food Services",Reject,6.7,
"Windhoek Supplies",Approve,42.96,0.12
"Namib Trading",Reject,22.01,
"Gobabis Technologies",Reject,-2.5,
"Windhoek Logistics",Reject,-33.72,
"Kunene Transport",Reject,10.26,
"Walvis Trading",Reject,14.41,
"Etosha Trading",Review,27.69,0.18
"Oshana Logistics",Reject,23.18,
"Katima Supplies",Reject,22.31,
"Windhoek Food Services",Reject,-24.66,
"Okavango Farming",Reject,-4.35,
"Caprivi Farming",Reject,-17.94,
"Swakop Supplies",Review,27.95,0.18
"Katima Manufacturing",Reject,-2.81,
"Kalahari Technologies",Reject,-5.28,
"Swakop Retail",Reject,-17.67,
"Erongo Supplies",Reject,-2.85,
"Katima Trading",Reject,-12.52,
"Erongo Trading",Reject,-12.0,
"Erongo Technologies",Reject,4.11,
"Caprivi Technologies",Review,32.84,0.18
"Caprivi Supplies",Reject,-7.0,
"Gobabis Retail",Reject,-10.63,
"Swakop Farming",Reject,-10.47,
"Etosha Logistics",Review,30.14,0.18
"Luderitz Transport",Approve,54.38,0.08
"Namib Logistics",Review,25.95,0.18
"Luderitz Farming",Approve,55.07,0.08
"Kalahari Trading",Reject,-102.68,
"Katima Manufacturing",Reject,-3.87,
"Caprivi Transport",Review,29.64,0.18
"Walvis Food Services",Reject,15.57,
"Oshana Technologies",Approve,40.6,0.12
"Caprivi Technologies",Reject,-13.99,
"Caprivi Trading",Review,39.47,0.18
"Katima Manufacturing",Reject,-11.19,
"Otji Farming",Review,29.15,0.18
"Swakop Logistics",Reject,22.07,
"Otji Technologies",Reject,23.41,
"Namib Retail",Review,37.68,0.18
"Namib Trading",Review,31.66,0.18
"Walvis Tours",Reject,14.08,
"Otji Retail",Reject,-25.44,
"Erongo Manufacturing",Reject,1.71,
"Windhoek Logistics",Reject,-16.67,
"Kalahari Manufacturing",Review,25.79,0.18
"Kunene Transport",Review,32.94,0.18
"Swakop Trading",Reject,7.87,
"Kunene Retail",Review,32.11,0.18
"Swakop Transport",Reject,9.12,
"Gobabis Logistics",Reject,-6.0,
"Katima Logistics",Reject,6.97,
"Kalahari Retail",Reject,8.0,
"Katima Fishing",Reject,-11.47,
"Namib Construction",Reject,-18.79,
"Namib Fishing",Reject,1.34,
"Windhoek Retail",Review,33.13,0.18
"Namib Food Services",Reject,-18.81,
"Namib Manufacturing",Reject,21.05,
"Gobabis Retail",Reject,-21.51,
"Swakop Logistics",Reject,-10.03,
"Oshana Tours",Reject,-11.0,
"Namib Construction",Reject,4.16,
"Luderitz Trading",Reject,14.4,
"Namib Transport",Approve,42.3,0.12
"Namib Retail",Reject,6.44,
"Namib Farming",Reject,-14.98,
"Erongo Tours",Reject,20.6,
"Windhoek Fishing",Reject,18.87,
"Namib Tours",Review,27.31,0.18
"Namib Transport",Review,25.93,0.18
"Windhoek Supplies",Reject,-8.72,
"Erongo Tours",Reject,-13.25,
"Gobabis Retail",Reject,-28.92,
"Oshana Technologies",Reject,-14.84,
"Walvis Retail",Reject,13.73,
"Namib Construction",Reject,24.91,
"Etosha Retail",Reject,1.59,
"Kunene Tours",Reject,1.14,
"Etosha Construction",Reject,-22.3,
"Kunene Fishing",Review,33.52,0.18
"Luderitz Fishing",Reject,-2.74,
"Caprivi Technologies",Reject,8.41,
"Kunene Manufacturing",Reject,-10.34,
"Caprivi Technologies",Reject,6.41,
"Okavango Manufacturing",Reject,23.56,
"Erongo Retail",Reject,-4.12,
"Swakop Tours",Reject,-27.67,
"Okavango Trading",Reject,-17.15,
"Gobabis Food Services",Approve,43.45,0.12
"Gobabis Retail",Reject,22.81,
"Otji Supplies",Review,29.69,0.18
"Oshana Construction",Reject,-9.44,
"Okavango Tours",Reject,5.19,
"Namib Transport",Reject,-23.92,
"Gobabis Retail",Reject,-19.96,
"Namib Technologies",Reject,-22.5,
"Oshana Logistics",Reject,-0.21,
"Walvis Construction",Reject,10.26,
"Windhoek Food Services",Review,36.69,0.18
"Walvis Supplies",Reject,-27.5,
"Erongo Farming",Reject,-23.64,
"Gobabis Technologies",Review,34.88,0.18
"Okavango Food Services",Reject,-18.06,
"Kalahari Construction",Reject,-46.35,
"Namib Technologies",Reject,18.67,
"Katima Manufacturing",Approve,41.52,0.12
"Luderitz Fishing",Approve,40.24,0.12
"Erongo Food Services",Reject,-44.37,
"Okavango Fishing",Reject,-10.83,
"Otji Food Services",Reject,-10.05,
"Namib Tours",Reject,22.81,
"Gobabis Fishing",Reject,-0.5,
"Walvis Supplies",Reject,0.81,
"Erongo Logistics",Reject,22.19,
"Oshana Trading",Reject,-2.23,
"Gobabis Construction",Reject,-2.73,
"Namib Trading",Reject,21.43,
"Etosha Trading",Reject,-23.9,
"Otji Trading",Reject,5.83,
"Kunene Tours",Reject,17.35,
"Etosha Farming",Reject,-5.56,
"Okavango Logistics",Reject,4.23,
"Otji Logistics",Reject,-18.76,
"Erongo Retail",Reject,4.62,
"Namib Construction",Reject,14.17,
"Katima Fishing",Review,30.23,0.18
"Katima Logistics",Review,30.1,0.18
"Walvis Retail",Reject,-29.45,
"Katima Farming",Reject,-8.96,
"Swakop Technologies",Reject,-9.02,
"Etosha Fishing",Reject,12.06,
"Katima Trading",Reject,11.47,
"Caprivi Fishing",Reject,5.97,
"Otji Retail",Review,26.34,0.18
"Namib Manufacturing",Reject,-4.1,
"Erongo Logistics",Approve,41.81,0.12
"Otji Manufacturing",Reject,-46.06,
"Katima Supplies",Reject,21.82,
"Namib Retail",Approve,46.54,0.12
"Okavango Manufacturing",Reject,-29.43,
"Otji Food Services",Review,25.18,0.18
"Namib Construction",Reject,-18.73,
"Etosha Construction",Reject,-6.83,
"Windhoek Retail",Reject,17.09,
"Katima Fishing",Reject,-0.14,
"Caprivi Construction",Reject,-24.77,
"Erongo Logistics",Reject,-96.84,
"Kalahari Fishing",Reject,24.47,
"Walvis Transport",Review,39.66,0.18
"Katima Retail",Reject,4.74,
"Oshana Technologies",Reject,-30.34,
"Otji Supplies",Reject,-14.94,
"Gobabis Fishing",Reject,21.77,
"Okavango Tours",Review,35.56,0.18
"Gobabis Transport",Review,26.26,0.18
"Erongo Fishing",Reject,-2.31,
"Kunene Tours",Reject,-15.84,
"Luderitz Supplies",Reject,-30.1,
"Otji Technologies",Reject,6.85,
"Luderitz Trading",Approve,48.55,0.12
"Windhoek Food Services",Review,38.12,0.18
"Walvis Food Services",Reject,23.04,
"Oshana Manufacturing",Reject,-29.47,
"Gobabis Construction",Reject,-7.64,
"Etosha Manufacturing",Review,34.92,0.18
"Walvis Farming",Reject,3.81,
"Erongo Tours",Approve,43.69,0.12
"Swakop Fishing",Review,36.0,0.18
"Otji Fishing",Reject,11.2,
"Windhoek Supplies",Review,34.75,0.18
"Otji Manufacturing",Reject,9.93,
"Etosha Food Services",Reject,1.45,
"Namib Logistics",Reject,22.66,
"Katima Trading",Reject,-6.69,
"Luderitz Farming",Reject,-32.79,
"Luderitz Logistics",Reject,-28.37,
"Otji Technologies",Reject,-5.93,
"Etosha Manufacturing",Approve,50.72,0.08
"Kunene Technologies",Reject,23.44,
"Gobabis Supplies",Reject,19.66,
"Oshana Technologies",Reject,-26.43,
"Otji Farming",Reject,7.59,
"Caprivi Logistics",Reject,-11.9,
"Oshana Food Services",Reject,9.66,
"Namib Construction",Reject,16.3,
"Swakop Technologies",Reject,17.93,
"Walvis Logistics",Reject,18.13,
"Erongo Farming",Reject,-15.38,
"Kunene Manufacturing",Review,27.7,0.18
"Kunene Manufacturing",Reject,-26.07,
"Kalahari Farming",Review,36.55,0.18
"Erongo Tours",Review,30.56,0.18
"Otji Retail",Reject,-7.53,
"Namib Technologies",Reject,-29.79,
"Katima Technologies",Reject,14.44,
"Otji Fishing",Reject,-7.02,
"Katima Trading",Reject,10.42,
"Kalahari Tours",Reject,-15.72,
"Kalahari Manufacturing",Review,32.73,0.18
"Erongo Food Services",Reject,5.92,
"Etosha Construction",Reject,-19.38,
"Walvis Retail",Reject,8.51,
"Otji Supplies",Reject,21.65,
"Caprivi Trading",Reject,-8.85,
"Namib Supplies",Reject,-27.55,
"Gobabis Tours",Reject,-0.11,
"Etosha Supplies",Reject,-9.33,
"Otji Transport",Reject,-7.1,
"Erongo Transport",Reject,-129.65,
"Okavango Retail",Approve,49.06,0.12
"Kalahari Logistics",Reject,16.42,
"Kalahari Farming",Reject,-40.4,
"Otji Logistics",Reject,-11.99,
"Okavango Food Services",Reject,4.82,
"Erongo Farming",Reject,-25.45,
"Luderitz Manufacturing",Review,26.9,0.18
"Okavango Logistics",Reject,22.3,
"Otji Logistics",Reject,9.88,
"Oshana Transport",Reject,2.31,
"Swakop Manufacturing",Approve,47.22,0.12
"Gobabis Supplies",Reject,9.51,
"Kalahari Retail",Reject,-14.14,
"Luderitz Trading",Approve,41.07,0.12
"Katima Transport",Reject,0.82,
"Kunene Logistics",Reject,-22.98,
